language,html_url,date,committer,commits
Clojure,https://github.com/walkable-server/walkable,2018-02-08,rank-0,1.0
Clojure,https://github.com/walkable-server/walkable,2018-02-13,rank-0,4.0
Clojure,https://github.com/walkable-server/walkable,2018-02-17,rank-0,10.0
Clojure,https://github.com/walkable-server/walkable,2018-02-20,rank-0,12.0
Clojure,https://github.com/walkable-server/walkable,2018-02-22,rank-0,29.0
Clojure,https://github.com/walkable-server/walkable,2018-02-23,rank-0,36.0
Clojure,https://github.com/walkable-server/walkable,2018-02-24,rank-0,50.0
Clojure,https://github.com/walkable-server/walkable,2018-02-25,rank-0,54.0
Clojure,https://github.com/walkable-server/walkable,2018-02-26,rank-0,61.0
Clojure,https://github.com/walkable-server/walkable,2018-02-27,rank-0,86.0
Clojure,https://github.com/walkable-server/walkable,2018-02-28,rank-0,102.0
Clojure,https://github.com/walkable-server/walkable,2018-03-03,rank-0,109.0
Clojure,https://github.com/walkable-server/walkable,2018-03-05,rank-0,130.0
Clojure,https://github.com/walkable-server/walkable,2018-03-06,rank-0,131.0
Clojure,https://github.com/walkable-server/walkable,2018-03-07,rank-0,145.0
Clojure,https://github.com/walkable-server/walkable,2018-03-08,rank-0,150.0
Clojure,https://github.com/walkable-server/walkable,2018-03-09,rank-0,161.0
Clojure,https://github.com/walkable-server/walkable,2018-03-11,rank-0,166.0
Clojure,https://github.com/walkable-server/walkable,2018-03-12,rank-0,209.0
Clojure,https://github.com/walkable-server/walkable,2018-03-13,rank-0,216.0
Clojure,https://github.com/walkable-server/walkable,2018-03-15,rank-0,219.0
Clojure,https://github.com/walkable-server/walkable,2018-03-18,rank-0,228.0
Clojure,https://github.com/walkable-server/walkable,2018-03-19,rank-0,228.0
Clojure,https://github.com/walkable-server/walkable,2018-03-20,rank-0,232.0
Clojure,https://github.com/walkable-server/walkable,2018-03-21,rank-0,233.0
Clojure,https://github.com/walkable-server/walkable,2018-03-22,rank-0,238.0
Clojure,https://github.com/walkable-server/walkable,2018-03-23,rank-0,242.0
Clojure,https://github.com/walkable-server/walkable,2018-03-24,rank-0,257.0
Clojure,https://github.com/walkable-server/walkable,2018-03-26,rank-0,260.0
Clojure,https://github.com/walkable-server/walkable,2018-03-27,rank-0,271.0
Clojure,https://github.com/walkable-server/walkable,2018-03-28,rank-0,281.0
Clojure,https://github.com/walkable-server/walkable,2018-03-29,rank-0,287.0
Clojure,https://github.com/walkable-server/walkable,2018-03-30,rank-0,289.0
Clojure,https://github.com/walkable-server/walkable,2018-03-31,rank-0,302.0
Clojure,https://github.com/walkable-server/walkable,2018-04-02,rank-0,306.0
Clojure,https://github.com/walkable-server/walkable,2018-04-03,rank-0,309.0
Clojure,https://github.com/walkable-server/walkable,2018-04-04,rank-0,309.0
Clojure,https://github.com/walkable-server/walkable,2018-04-05,rank-0,313.0
Clojure,https://github.com/walkable-server/walkable,2018-04-06,rank-0,313.0
Clojure,https://github.com/walkable-server/walkable,2018-04-08,rank-0,317.0
Clojure,https://github.com/walkable-server/walkable,2018-04-09,rank-0,324.0
Clojure,https://github.com/walkable-server/walkable,2018-04-10,rank-0,332.0
Clojure,https://github.com/walkable-server/walkable,2018-04-11,rank-0,332.0
Clojure,https://github.com/walkable-server/walkable,2018-04-13,rank-0,337.0
Clojure,https://github.com/walkable-server/walkable,2018-04-17,rank-0,360.0
Clojure,https://github.com/walkable-server/walkable,2018-04-18,rank-0,369.0
Clojure,https://github.com/walkable-server/walkable,2018-04-19,rank-0,389.0
Clojure,https://github.com/walkable-server/walkable,2018-04-20,rank-0,399.0
Clojure,https://github.com/walkable-server/walkable,2018-04-21,rank-0,408.0
Clojure,https://github.com/walkable-server/walkable,2018-04-22,rank-0,422.0
Clojure,https://github.com/walkable-server/walkable,2018-04-23,rank-0,423.0
Clojure,https://github.com/walkable-server/walkable,2018-04-24,rank-0,425.0
Clojure,https://github.com/walkable-server/walkable,2018-04-27,rank-0,428.0
Clojure,https://github.com/walkable-server/walkable,2018-05-03,rank-0,428.0
Clojure,https://github.com/walkable-server/walkable,2018-05-04,rank-0,428.0
Clojure,https://github.com/walkable-server/walkable,2018-05-16,rank-0,434.0
Clojure,https://github.com/walkable-server/walkable,2018-05-17,rank-0,435.0
Clojure,https://github.com/walkable-server/walkable,2018-05-27,rank-0,440.0
Clojure,https://github.com/walkable-server/walkable,2018-06-01,rank-0,448.0
Clojure,https://github.com/walkable-server/walkable,2018-06-05,rank-0,449.0
Clojure,https://github.com/walkable-server/walkable,2018-06-11,rank-0,451.0
Clojure,https://github.com/walkable-server/walkable,2018-06-12,rank-0,451.0
Clojure,https://github.com/walkable-server/walkable,2018-08-11,rank-0,478.0
Clojure,https://github.com/walkable-server/walkable,2018-08-12,rank-0,481.0
Clojure,https://github.com/walkable-server/walkable,2018-08-14,rank-0,483.0
Clojure,https://github.com/walkable-server/walkable,2018-08-15,rank-0,486.0
Clojure,https://github.com/walkable-server/walkable,2018-08-16,rank-0,493.0
Clojure,https://github.com/walkable-server/walkable,2018-10-13,rank-0,501.0
Clojure,https://github.com/walkable-server/walkable,2018-11-03,rank-0,502.0
Clojure,https://github.com/walkable-server/walkable,2018-11-04,rank-0,522.0
Clojure,https://github.com/walkable-server/walkable,2018-11-10,rank-0,527.0
Clojure,https://github.com/walkable-server/walkable,2018-11-12,rank-0,530.0
Clojure,https://github.com/walkable-server/walkable,2018-11-17,rank-0,531.0
Clojure,https://github.com/walkable-server/walkable,2018-11-19,rank-0,537.0
Clojure,https://github.com/walkable-server/walkable,2018-11-20,rank-0,555.0
Clojure,https://github.com/walkable-server/walkable,2018-11-21,rank-0,567.0
Clojure,https://github.com/walkable-server/walkable,2018-11-22,rank-0,588.0
Clojure,https://github.com/walkable-server/walkable,2018-11-24,rank-0,589.0
Clojure,https://github.com/walkable-server/walkable,2018-11-25,rank-0,589.0
Clojure,https://github.com/walkable-server/walkable,2018-11-28,rank-0,594.0
Clojure,https://github.com/walkable-server/walkable,2018-11-29,rank-0,608.0
Clojure,https://github.com/walkable-server/walkable,2018-11-30,rank-0,615.0
Clojure,https://github.com/walkable-server/walkable,2018-12-01,rank-0,617.0
Clojure,https://github.com/walkable-server/walkable,2018-12-22,rank-0,620.0
Clojure,https://github.com/walkable-server/walkable,2018-12-27,rank-0,626.0
Clojure,https://github.com/walkable-server/walkable,2018-12-28,rank-0,634.0
Clojure,https://github.com/walkable-server/walkable,2018-12-29,rank-0,636.0
Clojure,https://github.com/walkable-server/walkable,2018-12-30,rank-0,641.0
Clojure,https://github.com/walkable-server/walkable,2019-01-01,rank-0,653.0
Clojure,https://github.com/walkable-server/walkable,2019-01-02,rank-0,659.0
Clojure,https://github.com/walkable-server/walkable,2019-01-03,rank-0,661.0
Clojure,https://github.com/walkable-server/walkable,2019-01-04,rank-0,664.0
Clojure,https://github.com/walkable-server/walkable,2019-01-05,rank-0,669.0
Clojure,https://github.com/walkable-server/walkable,2019-01-08,rank-0,672.0
Clojure,https://github.com/walkable-server/walkable,2019-01-09,rank-0,676.0
Clojure,https://github.com/walkable-server/walkable,2019-01-12,rank-0,690.0
Clojure,https://github.com/walkable-server/walkable,2019-01-13,rank-0,692.0
Clojure,https://github.com/walkable-server/walkable,2019-01-14,rank-0,703.0
Clojure,https://github.com/walkable-server/walkable,2019-01-15,rank-0,711.0
Clojure,https://github.com/walkable-server/walkable,2019-01-17,rank-0,715.0
Clojure,https://github.com/walkable-server/walkable,2019-01-18,rank-0,726.0
Clojure,https://github.com/walkable-server/walkable,2019-01-20,rank-0,773.0
Clojure,https://github.com/walkable-server/walkable,2019-01-21,rank-0,789.0
Clojure,https://github.com/walkable-server/walkable,2019-01-22,rank-0,807.0
Clojure,https://github.com/walkable-server/walkable,2019-01-23,rank-0,815.0
Clojure,https://github.com/walkable-server/walkable,2019-01-24,rank-0,839.0
Clojure,https://github.com/walkable-server/walkable,2019-01-26,rank-0,842.0
Clojure,https://github.com/walkable-server/walkable,2019-01-28,rank-0,843.0
Clojure,https://github.com/walkable-server/walkable,2019-01-30,rank-0,844.0
Clojure,https://github.com/walkable-server/walkable,2019-02-02,rank-0,856.0
Clojure,https://github.com/walkable-server/walkable,2019-02-03,rank-0,877.0
Clojure,https://github.com/walkable-server/walkable,2019-02-04,rank-0,881.0
Clojure,https://github.com/walkable-server/walkable,2019-02-09,rank-0,884.0
Clojure,https://github.com/walkable-server/walkable,2019-02-11,rank-0,893.0
Clojure,https://github.com/walkable-server/walkable,2019-02-12,rank-0,894.0
Clojure,https://github.com/walkable-server/walkable,2019-02-18,rank-0,904.0
Clojure,https://github.com/walkable-server/walkable,2019-02-19,rank-0,930.0
Clojure,https://github.com/walkable-server/walkable,2019-02-20,rank-0,951.0
Clojure,https://github.com/walkable-server/walkable,2019-02-21,rank-0,979.0
Clojure,https://github.com/walkable-server/walkable,2019-02-22,rank-0,984.0
Clojure,https://github.com/walkable-server/walkable,2019-02-23,rank-0,987.0
Clojure,https://github.com/walkable-server/walkable,2019-02-25,rank-0,1005.0
Clojure,https://github.com/walkable-server/walkable,2019-02-26,rank-0,1012.0
Clojure,https://github.com/walkable-server/walkable,2019-02-27,rank-0,1013.0
Clojure,https://github.com/walkable-server/walkable,2019-03-05,rank-0,1016.0
Clojure,https://github.com/walkable-server/walkable,2019-03-23,rank-0,1018.0
Clojure,https://github.com/walkable-server/walkable,2019-04-18,rank-0,1019.0
Clojure,https://github.com/walkable-server/walkable,2019-07-04,rank-0,1022.0
Clojure,https://github.com/walkable-server/walkable,2019-07-06,rank-0,1031.0
Clojure,https://github.com/walkable-server/walkable,2019-08-08,rank-0,1032.0
Clojure,https://github.com/walkable-server/walkable,2019-08-09,rank-0,1036.0
Clojure,https://github.com/walkable-server/walkable,2020-03-14,rank-0,1038.0
Clojure,https://github.com/walkable-server/walkable,2020-03-23,rank-0,1054.0
Clojure,https://github.com/walkable-server/walkable,2020-03-24,rank-0,1078.0
Clojure,https://github.com/walkable-server/walkable,2020-03-29,rank-0,1084.0
Clojure,https://github.com/walkable-server/walkable,2020-04-01,rank-0,1086.0
Clojure,https://github.com/walkable-server/walkable,2020-04-04,rank-0,1090.0
Clojure,https://github.com/walkable-server/walkable,2020-04-12,rank-0,1092.0
Clojure,https://github.com/walkable-server/walkable,2020-04-19,rank-0,1100.0
Clojure,https://github.com/walkable-server/walkable,2020-04-20,rank-0,1113.0
Clojure,https://github.com/walkable-server/walkable,2020-04-21,rank-0,1115.0
Clojure,https://github.com/walkable-server/walkable,2020-04-26,rank-0,1117.0
Clojure,https://github.com/walkable-server/walkable,2020-05-02,rank-0,1120.0
Clojure,https://github.com/walkable-server/walkable,2020-05-03,rank-0,1135.0
Clojure,https://github.com/walkable-server/walkable,2020-05-04,rank-0,1139.0
Clojure,https://github.com/walkable-server/walkable,2020-05-20,rank-0,1147.0
Clojure,https://github.com/walkable-server/walkable,2020-05-21,rank-0,1154.0
Clojure,https://github.com/walkable-server/walkable,2020-05-24,rank-0,1155.0
Clojure,https://github.com/walkable-server/walkable,2020-05-25,rank-0,1167.0
Clojure,https://github.com/walkable-server/walkable,2020-05-26,rank-0,1183.0
Clojure,https://github.com/walkable-server/walkable,2020-07-19,rank-0,1184.0
Clojure,https://github.com/walkable-server/walkable,2020-09-23,rank-0,1186.0
Clojure,https://github.com/walkable-server/walkable,2021-01-08,rank-0,1193.0
Clojure,https://github.com/walkable-server/walkable,2021-01-11,rank-0,1196.0
Clojure,https://github.com/walkable-server/walkable,2021-01-12,rank-0,1198.0
Clojure,https://github.com/walkable-server/walkable,2021-01-14,rank-0,1200.0
Clojure,https://github.com/walkable-server/walkable,2021-01-15,rank-0,1203.0
Clojure,https://github.com/walkable-server/walkable,2021-01-27,rank-0,1210.0
Clojure,https://github.com/walkable-server/walkable,2021-02-05,rank-0,1211.0
Clojure,https://github.com/walkable-server/walkable,2021-02-07,rank-0,1212.0
Clojure,https://github.com/walkable-server/walkable,2021-02-08,rank-0,1216.0
Clojure,https://github.com/walkable-server/walkable,2021-02-15,rank-0,1217.0
Clojure,https://github.com/walkable-server/walkable,2021-02-17,rank-0,1224.0
Clojure,https://github.com/walkable-server/walkable,2021-02-18,rank-0,1233.0
Clojure,https://github.com/walkable-server/walkable,2021-02-19,rank-0,1248.0
Clojure,https://github.com/walkable-server/walkable,2021-02-21,rank-0,1260.0
Clojure,https://github.com/walkable-server/walkable,2021-02-24,rank-0,1261.0
Clojure,https://github.com/walkable-server/walkable,2021-07-31,rank-0,1280.0
Clojure,https://github.com/walkable-server/walkable,2021-08-01,rank-0,1290.0
Clojure,https://github.com/walkable-server/walkable,2021-08-02,rank-0,1297.0
Clojure,https://github.com/walkable-server/walkable,2021-12-16,rank-0,1298.0
Clojure,https://github.com/walkable-server/walkable,2018-02-08,rank-1,0.0
Clojure,https://github.com/walkable-server/walkable,2018-02-13,rank-1,0.0
Clojure,https://github.com/walkable-server/walkable,2018-02-17,rank-1,0.0
Clojure,https://github.com/walkable-server/walkable,2018-02-20,rank-1,0.0
Clojure,https://github.com/walkable-server/walkable,2018-02-22,rank-1,0.0
Clojure,https://github.com/walkable-server/walkable,2018-02-23,rank-1,0.0
Clojure,https://github.com/walkable-server/walkable,2018-02-24,rank-1,1.0
Clojure,https://github.com/walkable-server/walkable,2018-02-25,rank-1,1.0
Clojure,https://github.com/walkable-server/walkable,2018-02-26,rank-1,1.0
Clojure,https://github.com/walkable-server/walkable,2018-02-27,rank-1,1.0
Clojure,https://github.com/walkable-server/walkable,2018-02-28,rank-1,1.0
Clojure,https://github.com/walkable-server/walkable,2018-03-03,rank-1,4.0
Clojure,https://github.com/walkable-server/walkable,2018-03-05,rank-1,4.0
Clojure,https://github.com/walkable-server/walkable,2018-03-06,rank-1,4.0
Clojure,https://github.com/walkable-server/walkable,2018-03-07,rank-1,4.0
Clojure,https://github.com/walkable-server/walkable,2018-03-08,rank-1,4.0
Clojure,https://github.com/walkable-server/walkable,2018-03-09,rank-1,4.0
Clojure,https://github.com/walkable-server/walkable,2018-03-11,rank-1,4.0
Clojure,https://github.com/walkable-server/walkable,2018-03-12,rank-1,4.0
Clojure,https://github.com/walkable-server/walkable,2018-03-13,rank-1,4.0
Clojure,https://github.com/walkable-server/walkable,2018-03-15,rank-1,4.0
Clojure,https://github.com/walkable-server/walkable,2018-03-18,rank-1,6.0
Clojure,https://github.com/walkable-server/walkable,2018-03-19,rank-1,8.0
Clojure,https://github.com/walkable-server/walkable,2018-03-20,rank-1,9.0
Clojure,https://github.com/walkable-server/walkable,2018-03-21,rank-1,9.0
Clojure,https://github.com/walkable-server/walkable,2018-03-22,rank-1,12.0
Clojure,https://github.com/walkable-server/walkable,2018-03-23,rank-1,12.0
Clojure,https://github.com/walkable-server/walkable,2018-03-24,rank-1,16.0
Clojure,https://github.com/walkable-server/walkable,2018-03-26,rank-1,17.0
Clojure,https://github.com/walkable-server/walkable,2018-03-27,rank-1,23.0
Clojure,https://github.com/walkable-server/walkable,2018-03-28,rank-1,27.0
Clojure,https://github.com/walkable-server/walkable,2018-03-29,rank-1,28.0
Clojure,https://github.com/walkable-server/walkable,2018-03-30,rank-1,29.0
Clojure,https://github.com/walkable-server/walkable,2018-03-31,rank-1,31.0
Clojure,https://github.com/walkable-server/walkable,2018-04-02,rank-1,32.0
Clojure,https://github.com/walkable-server/walkable,2018-04-03,rank-1,33.0
Clojure,https://github.com/walkable-server/walkable,2018-04-04,rank-1,36.0
Clojure,https://github.com/walkable-server/walkable,2018-04-05,rank-1,36.0
Clojure,https://github.com/walkable-server/walkable,2018-04-06,rank-1,39.0
Clojure,https://github.com/walkable-server/walkable,2018-04-08,rank-1,39.0
Clojure,https://github.com/walkable-server/walkable,2018-04-09,rank-1,41.0
Clojure,https://github.com/walkable-server/walkable,2018-04-10,rank-1,41.0
Clojure,https://github.com/walkable-server/walkable,2018-04-11,rank-1,43.0
Clojure,https://github.com/walkable-server/walkable,2018-04-13,rank-1,43.0
Clojure,https://github.com/walkable-server/walkable,2018-04-17,rank-1,43.0
Clojure,https://github.com/walkable-server/walkable,2018-04-18,rank-1,43.0
Clojure,https://github.com/walkable-server/walkable,2018-04-19,rank-1,43.0
Clojure,https://github.com/walkable-server/walkable,2018-04-20,rank-1,43.0
Clojure,https://github.com/walkable-server/walkable,2018-04-21,rank-1,43.0
Clojure,https://github.com/walkable-server/walkable,2018-04-22,rank-1,44.0
Clojure,https://github.com/walkable-server/walkable,2018-04-23,rank-1,44.0
Clojure,https://github.com/walkable-server/walkable,2018-04-24,rank-1,45.0
Clojure,https://github.com/walkable-server/walkable,2018-04-27,rank-1,45.0
Clojure,https://github.com/walkable-server/walkable,2018-05-03,rank-1,46.0
Clojure,https://github.com/walkable-server/walkable,2018-05-04,rank-1,47.0
Clojure,https://github.com/walkable-server/walkable,2018-05-16,rank-1,48.0
Clojure,https://github.com/walkable-server/walkable,2018-05-17,rank-1,48.0
Clojure,https://github.com/walkable-server/walkable,2018-05-27,rank-1,48.0
Clojure,https://github.com/walkable-server/walkable,2018-06-01,rank-1,48.0
Clojure,https://github.com/walkable-server/walkable,2018-06-05,rank-1,48.0
Clojure,https://github.com/walkable-server/walkable,2018-06-11,rank-1,48.0
Clojure,https://github.com/walkable-server/walkable,2018-06-12,rank-1,49.0
Clojure,https://github.com/walkable-server/walkable,2018-08-11,rank-1,51.0
Clojure,https://github.com/walkable-server/walkable,2018-08-12,rank-1,52.0
Clojure,https://github.com/walkable-server/walkable,2018-08-14,rank-1,52.0
Clojure,https://github.com/walkable-server/walkable,2018-08-15,rank-1,52.0
Clojure,https://github.com/walkable-server/walkable,2018-08-16,rank-1,52.0
Clojure,https://github.com/walkable-server/walkable,2018-10-13,rank-1,53.0
Clojure,https://github.com/walkable-server/walkable,2018-11-03,rank-1,53.0
Clojure,https://github.com/walkable-server/walkable,2018-11-04,rank-1,53.0
Clojure,https://github.com/walkable-server/walkable,2018-11-10,rank-1,53.0
Clojure,https://github.com/walkable-server/walkable,2018-11-12,rank-1,54.0
Clojure,https://github.com/walkable-server/walkable,2018-11-17,rank-1,54.0
Clojure,https://github.com/walkable-server/walkable,2018-11-19,rank-1,55.0
Clojure,https://github.com/walkable-server/walkable,2018-11-20,rank-1,55.0
Clojure,https://github.com/walkable-server/walkable,2018-11-21,rank-1,59.0
Clojure,https://github.com/walkable-server/walkable,2018-11-22,rank-1,60.0
Clojure,https://github.com/walkable-server/walkable,2018-11-24,rank-1,60.0
Clojure,https://github.com/walkable-server/walkable,2018-11-25,rank-1,61.0
Clojure,https://github.com/walkable-server/walkable,2018-11-28,rank-1,61.0
Clojure,https://github.com/walkable-server/walkable,2018-11-29,rank-1,61.0
Clojure,https://github.com/walkable-server/walkable,2018-11-30,rank-1,61.0
Clojure,https://github.com/walkable-server/walkable,2018-12-01,rank-1,61.0
Clojure,https://github.com/walkable-server/walkable,2018-12-22,rank-1,61.0
Clojure,https://github.com/walkable-server/walkable,2018-12-27,rank-1,61.0
Clojure,https://github.com/walkable-server/walkable,2018-12-28,rank-1,61.0
Clojure,https://github.com/walkable-server/walkable,2018-12-29,rank-1,61.0
Clojure,https://github.com/walkable-server/walkable,2018-12-30,rank-1,61.0
Clojure,https://github.com/walkable-server/walkable,2019-01-01,rank-1,61.0
Clojure,https://github.com/walkable-server/walkable,2019-01-02,rank-1,61.0
Clojure,https://github.com/walkable-server/walkable,2019-01-03,rank-1,61.0
Clojure,https://github.com/walkable-server/walkable,2019-01-04,rank-1,61.0
Clojure,https://github.com/walkable-server/walkable,2019-01-05,rank-1,61.0
Clojure,https://github.com/walkable-server/walkable,2019-01-08,rank-1,61.0
Clojure,https://github.com/walkable-server/walkable,2019-01-09,rank-1,61.0
Clojure,https://github.com/walkable-server/walkable,2019-01-12,rank-1,61.0
Clojure,https://github.com/walkable-server/walkable,2019-01-13,rank-1,62.0
Clojure,https://github.com/walkable-server/walkable,2019-01-14,rank-1,62.0
Clojure,https://github.com/walkable-server/walkable,2019-01-15,rank-1,62.0
Clojure,https://github.com/walkable-server/walkable,2019-01-17,rank-1,62.0
Clojure,https://github.com/walkable-server/walkable,2019-01-18,rank-1,62.0
Clojure,https://github.com/walkable-server/walkable,2019-01-20,rank-1,62.0
Clojure,https://github.com/walkable-server/walkable,2019-01-21,rank-1,62.0
Clojure,https://github.com/walkable-server/walkable,2019-01-22,rank-1,62.0
Clojure,https://github.com/walkable-server/walkable,2019-01-23,rank-1,63.0
Clojure,https://github.com/walkable-server/walkable,2019-01-24,rank-1,64.0
Clojure,https://github.com/walkable-server/walkable,2019-01-26,rank-1,64.0
Clojure,https://github.com/walkable-server/walkable,2019-01-28,rank-1,64.0
Clojure,https://github.com/walkable-server/walkable,2019-01-30,rank-1,65.0
Clojure,https://github.com/walkable-server/walkable,2019-02-02,rank-1,65.0
Clojure,https://github.com/walkable-server/walkable,2019-02-03,rank-1,65.0
Clojure,https://github.com/walkable-server/walkable,2019-02-04,rank-1,66.0
Clojure,https://github.com/walkable-server/walkable,2019-02-09,rank-1,66.0
Clojure,https://github.com/walkable-server/walkable,2019-02-11,rank-1,66.0
Clojure,https://github.com/walkable-server/walkable,2019-02-12,rank-1,67.0
Clojure,https://github.com/walkable-server/walkable,2019-02-18,rank-1,68.0
Clojure,https://github.com/walkable-server/walkable,2019-02-19,rank-1,68.0
Clojure,https://github.com/walkable-server/walkable,2019-02-20,rank-1,68.0
Clojure,https://github.com/walkable-server/walkable,2019-02-21,rank-1,68.0
Clojure,https://github.com/walkable-server/walkable,2019-02-22,rank-1,69.0
Clojure,https://github.com/walkable-server/walkable,2019-02-23,rank-1,69.0
Clojure,https://github.com/walkable-server/walkable,2019-02-25,rank-1,69.0
Clojure,https://github.com/walkable-server/walkable,2019-02-26,rank-1,70.0
Clojure,https://github.com/walkable-server/walkable,2019-02-27,rank-1,71.0
Clojure,https://github.com/walkable-server/walkable,2019-03-05,rank-1,72.0
Clojure,https://github.com/walkable-server/walkable,2019-03-23,rank-1,73.0
Clojure,https://github.com/walkable-server/walkable,2019-04-18,rank-1,73.0
Clojure,https://github.com/walkable-server/walkable,2019-07-04,rank-1,73.0
Clojure,https://github.com/walkable-server/walkable,2019-07-06,rank-1,73.0
Clojure,https://github.com/walkable-server/walkable,2019-08-08,rank-1,73.0
Clojure,https://github.com/walkable-server/walkable,2019-08-09,rank-1,73.0
Clojure,https://github.com/walkable-server/walkable,2020-03-14,rank-1,73.0
Clojure,https://github.com/walkable-server/walkable,2020-03-23,rank-1,73.0
Clojure,https://github.com/walkable-server/walkable,2020-03-24,rank-1,73.0
Clojure,https://github.com/walkable-server/walkable,2020-03-29,rank-1,73.0
Clojure,https://github.com/walkable-server/walkable,2020-04-01,rank-1,73.0
Clojure,https://github.com/walkable-server/walkable,2020-04-04,rank-1,73.0
Clojure,https://github.com/walkable-server/walkable,2020-04-12,rank-1,73.0
Clojure,https://github.com/walkable-server/walkable,2020-04-19,rank-1,73.0
Clojure,https://github.com/walkable-server/walkable,2020-04-20,rank-1,73.0
Clojure,https://github.com/walkable-server/walkable,2020-04-21,rank-1,73.0
Clojure,https://github.com/walkable-server/walkable,2020-04-26,rank-1,73.0
Clojure,https://github.com/walkable-server/walkable,2020-05-02,rank-1,73.0
Clojure,https://github.com/walkable-server/walkable,2020-05-03,rank-1,73.0
Clojure,https://github.com/walkable-server/walkable,2020-05-04,rank-1,73.0
Clojure,https://github.com/walkable-server/walkable,2020-05-20,rank-1,73.0
Clojure,https://github.com/walkable-server/walkable,2020-05-21,rank-1,73.0
Clojure,https://github.com/walkable-server/walkable,2020-05-24,rank-1,73.0
Clojure,https://github.com/walkable-server/walkable,2020-05-25,rank-1,73.0
Clojure,https://github.com/walkable-server/walkable,2020-05-26,rank-1,73.0
Clojure,https://github.com/walkable-server/walkable,2020-07-19,rank-1,73.0
Clojure,https://github.com/walkable-server/walkable,2020-09-23,rank-1,73.0
Clojure,https://github.com/walkable-server/walkable,2021-01-08,rank-1,73.0
Clojure,https://github.com/walkable-server/walkable,2021-01-11,rank-1,73.0
Clojure,https://github.com/walkable-server/walkable,2021-01-12,rank-1,73.0
Clojure,https://github.com/walkable-server/walkable,2021-01-14,rank-1,73.0
Clojure,https://github.com/walkable-server/walkable,2021-01-15,rank-1,73.0
Clojure,https://github.com/walkable-server/walkable,2021-01-27,rank-1,73.0
Clojure,https://github.com/walkable-server/walkable,2021-02-05,rank-1,73.0
Clojure,https://github.com/walkable-server/walkable,2021-02-07,rank-1,73.0
Clojure,https://github.com/walkable-server/walkable,2021-02-08,rank-1,73.0
Clojure,https://github.com/walkable-server/walkable,2021-02-15,rank-1,73.0
Clojure,https://github.com/walkable-server/walkable,2021-02-17,rank-1,73.0
Clojure,https://github.com/walkable-server/walkable,2021-02-18,rank-1,73.0
Clojure,https://github.com/walkable-server/walkable,2021-02-19,rank-1,73.0
Clojure,https://github.com/walkable-server/walkable,2021-02-21,rank-1,73.0
Clojure,https://github.com/walkable-server/walkable,2021-02-24,rank-1,73.0
Clojure,https://github.com/walkable-server/walkable,2021-07-31,rank-1,73.0
Clojure,https://github.com/walkable-server/walkable,2021-08-01,rank-1,73.0
Clojure,https://github.com/walkable-server/walkable,2021-08-02,rank-1,73.0
Clojure,https://github.com/walkable-server/walkable,2021-12-16,rank-1,73.0
Clojure,https://github.com/walkable-server/walkable,2018-02-08,rank-2,0.0
Clojure,https://github.com/walkable-server/walkable,2018-02-13,rank-2,0.0
Clojure,https://github.com/walkable-server/walkable,2018-02-17,rank-2,0.0
Clojure,https://github.com/walkable-server/walkable,2018-02-20,rank-2,0.0
Clojure,https://github.com/walkable-server/walkable,2018-02-22,rank-2,0.0
Clojure,https://github.com/walkable-server/walkable,2018-02-23,rank-2,0.0
Clojure,https://github.com/walkable-server/walkable,2018-02-24,rank-2,0.0
Clojure,https://github.com/walkable-server/walkable,2018-02-25,rank-2,0.0
Clojure,https://github.com/walkable-server/walkable,2018-02-26,rank-2,0.0
Clojure,https://github.com/walkable-server/walkable,2018-02-27,rank-2,0.0
Clojure,https://github.com/walkable-server/walkable,2018-02-28,rank-2,0.0
Clojure,https://github.com/walkable-server/walkable,2018-03-03,rank-2,0.0
Clojure,https://github.com/walkable-server/walkable,2018-03-05,rank-2,0.0
Clojure,https://github.com/walkable-server/walkable,2018-03-06,rank-2,0.0
Clojure,https://github.com/walkable-server/walkable,2018-03-07,rank-2,0.0
Clojure,https://github.com/walkable-server/walkable,2018-03-08,rank-2,0.0
Clojure,https://github.com/walkable-server/walkable,2018-03-09,rank-2,0.0
Clojure,https://github.com/walkable-server/walkable,2018-03-11,rank-2,0.0
Clojure,https://github.com/walkable-server/walkable,2018-03-12,rank-2,0.0
Clojure,https://github.com/walkable-server/walkable,2018-03-13,rank-2,0.0
Clojure,https://github.com/walkable-server/walkable,2018-03-15,rank-2,0.0
Clojure,https://github.com/walkable-server/walkable,2018-03-18,rank-2,0.0
Clojure,https://github.com/walkable-server/walkable,2018-03-19,rank-2,0.0
Clojure,https://github.com/walkable-server/walkable,2018-03-20,rank-2,0.0
Clojure,https://github.com/walkable-server/walkable,2018-03-21,rank-2,0.0
Clojure,https://github.com/walkable-server/walkable,2018-03-22,rank-2,0.0
Clojure,https://github.com/walkable-server/walkable,2018-03-23,rank-2,0.0
Clojure,https://github.com/walkable-server/walkable,2018-03-24,rank-2,0.0
Clojure,https://github.com/walkable-server/walkable,2018-03-26,rank-2,2.0
Clojure,https://github.com/walkable-server/walkable,2018-03-27,rank-2,3.0
Clojure,https://github.com/walkable-server/walkable,2018-03-28,rank-2,3.0
Clojure,https://github.com/walkable-server/walkable,2018-03-29,rank-2,3.0
Clojure,https://github.com/walkable-server/walkable,2018-03-30,rank-2,3.0
Clojure,https://github.com/walkable-server/walkable,2018-03-31,rank-2,3.0
Clojure,https://github.com/walkable-server/walkable,2018-04-02,rank-2,3.0
Clojure,https://github.com/walkable-server/walkable,2018-04-03,rank-2,3.0
Clojure,https://github.com/walkable-server/walkable,2018-04-04,rank-2,3.0
Clojure,https://github.com/walkable-server/walkable,2018-04-05,rank-2,3.0
Clojure,https://github.com/walkable-server/walkable,2018-04-06,rank-2,3.0
Clojure,https://github.com/walkable-server/walkable,2018-04-08,rank-2,3.0
Clojure,https://github.com/walkable-server/walkable,2018-04-09,rank-2,3.0
Clojure,https://github.com/walkable-server/walkable,2018-04-10,rank-2,3.0
Clojure,https://github.com/walkable-server/walkable,2018-04-11,rank-2,3.0
Clojure,https://github.com/walkable-server/walkable,2018-04-13,rank-2,3.0
Clojure,https://github.com/walkable-server/walkable,2018-04-17,rank-2,3.0
Clojure,https://github.com/walkable-server/walkable,2018-04-18,rank-2,3.0
Clojure,https://github.com/walkable-server/walkable,2018-04-19,rank-2,3.0
Clojure,https://github.com/walkable-server/walkable,2018-04-20,rank-2,3.0
Clojure,https://github.com/walkable-server/walkable,2018-04-21,rank-2,3.0
Clojure,https://github.com/walkable-server/walkable,2018-04-22,rank-2,3.0
Clojure,https://github.com/walkable-server/walkable,2018-04-23,rank-2,3.0
Clojure,https://github.com/walkable-server/walkable,2018-04-24,rank-2,3.0
Clojure,https://github.com/walkable-server/walkable,2018-04-27,rank-2,3.0
Clojure,https://github.com/walkable-server/walkable,2018-05-03,rank-2,3.0
Clojure,https://github.com/walkable-server/walkable,2018-05-04,rank-2,3.0
Clojure,https://github.com/walkable-server/walkable,2018-05-16,rank-2,3.0
Clojure,https://github.com/walkable-server/walkable,2018-05-17,rank-2,3.0
Clojure,https://github.com/walkable-server/walkable,2018-05-27,rank-2,3.0
Clojure,https://github.com/walkable-server/walkable,2018-06-01,rank-2,3.0
Clojure,https://github.com/walkable-server/walkable,2018-06-05,rank-2,3.0
Clojure,https://github.com/walkable-server/walkable,2018-06-11,rank-2,3.0
Clojure,https://github.com/walkable-server/walkable,2018-06-12,rank-2,3.0
Clojure,https://github.com/walkable-server/walkable,2018-08-11,rank-2,3.0
Clojure,https://github.com/walkable-server/walkable,2018-08-12,rank-2,3.0
Clojure,https://github.com/walkable-server/walkable,2018-08-14,rank-2,3.0
Clojure,https://github.com/walkable-server/walkable,2018-08-15,rank-2,3.0
Clojure,https://github.com/walkable-server/walkable,2018-08-16,rank-2,3.0
Clojure,https://github.com/walkable-server/walkable,2018-10-13,rank-2,3.0
Clojure,https://github.com/walkable-server/walkable,2018-11-03,rank-2,3.0
Clojure,https://github.com/walkable-server/walkable,2018-11-04,rank-2,3.0
Clojure,https://github.com/walkable-server/walkable,2018-11-10,rank-2,3.0
Clojure,https://github.com/walkable-server/walkable,2018-11-12,rank-2,3.0
Clojure,https://github.com/walkable-server/walkable,2018-11-17,rank-2,3.0
Clojure,https://github.com/walkable-server/walkable,2018-11-19,rank-2,3.0
Clojure,https://github.com/walkable-server/walkable,2018-11-20,rank-2,3.0
Clojure,https://github.com/walkable-server/walkable,2018-11-21,rank-2,3.0
Clojure,https://github.com/walkable-server/walkable,2018-11-22,rank-2,3.0
Clojure,https://github.com/walkable-server/walkable,2018-11-24,rank-2,3.0
Clojure,https://github.com/walkable-server/walkable,2018-11-25,rank-2,3.0
Clojure,https://github.com/walkable-server/walkable,2018-11-28,rank-2,3.0
Clojure,https://github.com/walkable-server/walkable,2018-11-29,rank-2,3.0
Clojure,https://github.com/walkable-server/walkable,2018-11-30,rank-2,3.0
Clojure,https://github.com/walkable-server/walkable,2018-12-01,rank-2,3.0
Clojure,https://github.com/walkable-server/walkable,2018-12-22,rank-2,3.0
Clojure,https://github.com/walkable-server/walkable,2018-12-27,rank-2,3.0
Clojure,https://github.com/walkable-server/walkable,2018-12-28,rank-2,3.0
Clojure,https://github.com/walkable-server/walkable,2018-12-29,rank-2,3.0
Clojure,https://github.com/walkable-server/walkable,2018-12-30,rank-2,3.0
Clojure,https://github.com/walkable-server/walkable,2019-01-01,rank-2,3.0
Clojure,https://github.com/walkable-server/walkable,2019-01-02,rank-2,3.0
Clojure,https://github.com/walkable-server/walkable,2019-01-03,rank-2,3.0
Clojure,https://github.com/walkable-server/walkable,2019-01-04,rank-2,3.0
Clojure,https://github.com/walkable-server/walkable,2019-01-05,rank-2,3.0
Clojure,https://github.com/walkable-server/walkable,2019-01-08,rank-2,3.0
Clojure,https://github.com/walkable-server/walkable,2019-01-09,rank-2,3.0
Clojure,https://github.com/walkable-server/walkable,2019-01-12,rank-2,3.0
Clojure,https://github.com/walkable-server/walkable,2019-01-13,rank-2,3.0
Clojure,https://github.com/walkable-server/walkable,2019-01-14,rank-2,3.0
Clojure,https://github.com/walkable-server/walkable,2019-01-15,rank-2,3.0
Clojure,https://github.com/walkable-server/walkable,2019-01-17,rank-2,3.0
Clojure,https://github.com/walkable-server/walkable,2019-01-18,rank-2,3.0
Clojure,https://github.com/walkable-server/walkable,2019-01-20,rank-2,3.0
Clojure,https://github.com/walkable-server/walkable,2019-01-21,rank-2,3.0
Clojure,https://github.com/walkable-server/walkable,2019-01-22,rank-2,3.0
Clojure,https://github.com/walkable-server/walkable,2019-01-23,rank-2,3.0
Clojure,https://github.com/walkable-server/walkable,2019-01-24,rank-2,3.0
Clojure,https://github.com/walkable-server/walkable,2019-01-26,rank-2,3.0
Clojure,https://github.com/walkable-server/walkable,2019-01-28,rank-2,3.0
Clojure,https://github.com/walkable-server/walkable,2019-01-30,rank-2,3.0
Clojure,https://github.com/walkable-server/walkable,2019-02-02,rank-2,3.0
Clojure,https://github.com/walkable-server/walkable,2019-02-03,rank-2,3.0
Clojure,https://github.com/walkable-server/walkable,2019-02-04,rank-2,3.0
Clojure,https://github.com/walkable-server/walkable,2019-02-09,rank-2,3.0
Clojure,https://github.com/walkable-server/walkable,2019-02-11,rank-2,3.0
Clojure,https://github.com/walkable-server/walkable,2019-02-12,rank-2,3.0
Clojure,https://github.com/walkable-server/walkable,2019-02-18,rank-2,3.0
Clojure,https://github.com/walkable-server/walkable,2019-02-19,rank-2,3.0
Clojure,https://github.com/walkable-server/walkable,2019-02-20,rank-2,3.0
Clojure,https://github.com/walkable-server/walkable,2019-02-21,rank-2,3.0
Clojure,https://github.com/walkable-server/walkable,2019-02-22,rank-2,3.0
Clojure,https://github.com/walkable-server/walkable,2019-02-23,rank-2,3.0
Clojure,https://github.com/walkable-server/walkable,2019-02-25,rank-2,3.0
Clojure,https://github.com/walkable-server/walkable,2019-02-26,rank-2,3.0
Clojure,https://github.com/walkable-server/walkable,2019-02-27,rank-2,3.0
Clojure,https://github.com/walkable-server/walkable,2019-03-05,rank-2,3.0
Clojure,https://github.com/walkable-server/walkable,2019-03-23,rank-2,3.0
Clojure,https://github.com/walkable-server/walkable,2019-04-18,rank-2,3.0
Clojure,https://github.com/walkable-server/walkable,2019-07-04,rank-2,3.0
Clojure,https://github.com/walkable-server/walkable,2019-07-06,rank-2,3.0
Clojure,https://github.com/walkable-server/walkable,2019-08-08,rank-2,3.0
Clojure,https://github.com/walkable-server/walkable,2019-08-09,rank-2,3.0
Clojure,https://github.com/walkable-server/walkable,2020-03-14,rank-2,3.0
Clojure,https://github.com/walkable-server/walkable,2020-03-23,rank-2,3.0
Clojure,https://github.com/walkable-server/walkable,2020-03-24,rank-2,3.0
Clojure,https://github.com/walkable-server/walkable,2020-03-29,rank-2,3.0
Clojure,https://github.com/walkable-server/walkable,2020-04-01,rank-2,3.0
Clojure,https://github.com/walkable-server/walkable,2020-04-04,rank-2,3.0
Clojure,https://github.com/walkable-server/walkable,2020-04-12,rank-2,3.0
Clojure,https://github.com/walkable-server/walkable,2020-04-19,rank-2,3.0
Clojure,https://github.com/walkable-server/walkable,2020-04-20,rank-2,3.0
Clojure,https://github.com/walkable-server/walkable,2020-04-21,rank-2,3.0
Clojure,https://github.com/walkable-server/walkable,2020-04-26,rank-2,3.0
Clojure,https://github.com/walkable-server/walkable,2020-05-02,rank-2,3.0
Clojure,https://github.com/walkable-server/walkable,2020-05-03,rank-2,3.0
Clojure,https://github.com/walkable-server/walkable,2020-05-04,rank-2,3.0
Clojure,https://github.com/walkable-server/walkable,2020-05-20,rank-2,3.0
Clojure,https://github.com/walkable-server/walkable,2020-05-21,rank-2,3.0
Clojure,https://github.com/walkable-server/walkable,2020-05-24,rank-2,3.0
Clojure,https://github.com/walkable-server/walkable,2020-05-25,rank-2,3.0
Clojure,https://github.com/walkable-server/walkable,2020-05-26,rank-2,3.0
Clojure,https://github.com/walkable-server/walkable,2020-07-19,rank-2,3.0
Clojure,https://github.com/walkable-server/walkable,2020-09-23,rank-2,3.0
Clojure,https://github.com/walkable-server/walkable,2021-01-08,rank-2,3.0
Clojure,https://github.com/walkable-server/walkable,2021-01-11,rank-2,3.0
Clojure,https://github.com/walkable-server/walkable,2021-01-12,rank-2,3.0
Clojure,https://github.com/walkable-server/walkable,2021-01-14,rank-2,3.0
Clojure,https://github.com/walkable-server/walkable,2021-01-15,rank-2,3.0
Clojure,https://github.com/walkable-server/walkable,2021-01-27,rank-2,3.0
Clojure,https://github.com/walkable-server/walkable,2021-02-05,rank-2,3.0
Clojure,https://github.com/walkable-server/walkable,2021-02-07,rank-2,3.0
Clojure,https://github.com/walkable-server/walkable,2021-02-08,rank-2,3.0
Clojure,https://github.com/walkable-server/walkable,2021-02-15,rank-2,3.0
Clojure,https://github.com/walkable-server/walkable,2021-02-17,rank-2,3.0
Clojure,https://github.com/walkable-server/walkable,2021-02-18,rank-2,3.0
Clojure,https://github.com/walkable-server/walkable,2021-02-19,rank-2,3.0
Clojure,https://github.com/walkable-server/walkable,2021-02-21,rank-2,3.0
Clojure,https://github.com/walkable-server/walkable,2021-02-24,rank-2,3.0
Clojure,https://github.com/walkable-server/walkable,2021-07-31,rank-2,3.0
Clojure,https://github.com/walkable-server/walkable,2021-08-01,rank-2,3.0
Clojure,https://github.com/walkable-server/walkable,2021-08-02,rank-2,3.0
Clojure,https://github.com/walkable-server/walkable,2021-12-16,rank-2,3.0
Clojure,https://github.com/walkable-server/walkable,2018-02-08,rank-3,0.0
Clojure,https://github.com/walkable-server/walkable,2018-02-13,rank-3,0.0
Clojure,https://github.com/walkable-server/walkable,2018-02-17,rank-3,0.0
Clojure,https://github.com/walkable-server/walkable,2018-02-20,rank-3,0.0
Clojure,https://github.com/walkable-server/walkable,2018-02-22,rank-3,0.0
Clojure,https://github.com/walkable-server/walkable,2018-02-23,rank-3,0.0
Clojure,https://github.com/walkable-server/walkable,2018-02-24,rank-3,0.0
Clojure,https://github.com/walkable-server/walkable,2018-02-25,rank-3,0.0
Clojure,https://github.com/walkable-server/walkable,2018-02-26,rank-3,0.0
Clojure,https://github.com/walkable-server/walkable,2018-02-27,rank-3,0.0
Clojure,https://github.com/walkable-server/walkable,2018-02-28,rank-3,0.0
Clojure,https://github.com/walkable-server/walkable,2018-03-03,rank-3,0.0
Clojure,https://github.com/walkable-server/walkable,2018-03-05,rank-3,0.0
Clojure,https://github.com/walkable-server/walkable,2018-03-06,rank-3,0.0
Clojure,https://github.com/walkable-server/walkable,2018-03-07,rank-3,0.0
Clojure,https://github.com/walkable-server/walkable,2018-03-08,rank-3,0.0
Clojure,https://github.com/walkable-server/walkable,2018-03-09,rank-3,0.0
Clojure,https://github.com/walkable-server/walkable,2018-03-11,rank-3,0.0
Clojure,https://github.com/walkable-server/walkable,2018-03-12,rank-3,0.0
Clojure,https://github.com/walkable-server/walkable,2018-03-13,rank-3,0.0
Clojure,https://github.com/walkable-server/walkable,2018-03-15,rank-3,0.0
Clojure,https://github.com/walkable-server/walkable,2018-03-18,rank-3,0.0
Clojure,https://github.com/walkable-server/walkable,2018-03-19,rank-3,0.0
Clojure,https://github.com/walkable-server/walkable,2018-03-20,rank-3,0.0
Clojure,https://github.com/walkable-server/walkable,2018-03-21,rank-3,0.0
Clojure,https://github.com/walkable-server/walkable,2018-03-22,rank-3,0.0
Clojure,https://github.com/walkable-server/walkable,2018-03-23,rank-3,0.0
Clojure,https://github.com/walkable-server/walkable,2018-03-24,rank-3,0.0
Clojure,https://github.com/walkable-server/walkable,2018-03-26,rank-3,0.0
Clojure,https://github.com/walkable-server/walkable,2018-03-27,rank-3,0.0
Clojure,https://github.com/walkable-server/walkable,2018-03-28,rank-3,0.0
Clojure,https://github.com/walkable-server/walkable,2018-03-29,rank-3,0.0
Clojure,https://github.com/walkable-server/walkable,2018-03-30,rank-3,0.0
Clojure,https://github.com/walkable-server/walkable,2018-03-31,rank-3,0.0
Clojure,https://github.com/walkable-server/walkable,2018-04-02,rank-3,0.0
Clojure,https://github.com/walkable-server/walkable,2018-04-03,rank-3,0.0
Clojure,https://github.com/walkable-server/walkable,2018-04-04,rank-3,0.0
Clojure,https://github.com/walkable-server/walkable,2018-04-05,rank-3,0.0
Clojure,https://github.com/walkable-server/walkable,2018-04-06,rank-3,0.0
Clojure,https://github.com/walkable-server/walkable,2018-04-08,rank-3,0.0
Clojure,https://github.com/walkable-server/walkable,2018-04-09,rank-3,0.0
Clojure,https://github.com/walkable-server/walkable,2018-04-10,rank-3,0.0
Clojure,https://github.com/walkable-server/walkable,2018-04-11,rank-3,0.0
Clojure,https://github.com/walkable-server/walkable,2018-04-13,rank-3,0.0
Clojure,https://github.com/walkable-server/walkable,2018-04-17,rank-3,0.0
Clojure,https://github.com/walkable-server/walkable,2018-04-18,rank-3,0.0
Clojure,https://github.com/walkable-server/walkable,2018-04-19,rank-3,0.0
Clojure,https://github.com/walkable-server/walkable,2018-04-20,rank-3,0.0
Clojure,https://github.com/walkable-server/walkable,2018-04-21,rank-3,0.0
Clojure,https://github.com/walkable-server/walkable,2018-04-22,rank-3,0.0
Clojure,https://github.com/walkable-server/walkable,2018-04-23,rank-3,0.0
Clojure,https://github.com/walkable-server/walkable,2018-04-24,rank-3,0.0
Clojure,https://github.com/walkable-server/walkable,2018-04-27,rank-3,0.0
Clojure,https://github.com/walkable-server/walkable,2018-05-03,rank-3,0.0
Clojure,https://github.com/walkable-server/walkable,2018-05-04,rank-3,0.0
Clojure,https://github.com/walkable-server/walkable,2018-05-16,rank-3,0.0
Clojure,https://github.com/walkable-server/walkable,2018-05-17,rank-3,0.0
Clojure,https://github.com/walkable-server/walkable,2018-05-27,rank-3,0.0
Clojure,https://github.com/walkable-server/walkable,2018-06-01,rank-3,0.0
Clojure,https://github.com/walkable-server/walkable,2018-06-05,rank-3,0.0
Clojure,https://github.com/walkable-server/walkable,2018-06-11,rank-3,0.0
Clojure,https://github.com/walkable-server/walkable,2018-06-12,rank-3,0.0
Clojure,https://github.com/walkable-server/walkable,2018-08-11,rank-3,0.0
Clojure,https://github.com/walkable-server/walkable,2018-08-12,rank-3,0.0
Clojure,https://github.com/walkable-server/walkable,2018-08-14,rank-3,0.0
Clojure,https://github.com/walkable-server/walkable,2018-08-15,rank-3,0.0
Clojure,https://github.com/walkable-server/walkable,2018-08-16,rank-3,0.0
Clojure,https://github.com/walkable-server/walkable,2018-10-13,rank-3,0.0
Clojure,https://github.com/walkable-server/walkable,2018-11-03,rank-3,0.0
Clojure,https://github.com/walkable-server/walkable,2018-11-04,rank-3,0.0
Clojure,https://github.com/walkable-server/walkable,2018-11-10,rank-3,0.0
Clojure,https://github.com/walkable-server/walkable,2018-11-12,rank-3,0.0
Clojure,https://github.com/walkable-server/walkable,2018-11-17,rank-3,0.0
Clojure,https://github.com/walkable-server/walkable,2018-11-19,rank-3,0.0
Clojure,https://github.com/walkable-server/walkable,2018-11-20,rank-3,0.0
Clojure,https://github.com/walkable-server/walkable,2018-11-21,rank-3,0.0
Clojure,https://github.com/walkable-server/walkable,2018-11-22,rank-3,0.0
Clojure,https://github.com/walkable-server/walkable,2018-11-24,rank-3,0.0
Clojure,https://github.com/walkable-server/walkable,2018-11-25,rank-3,0.0
Clojure,https://github.com/walkable-server/walkable,2018-11-28,rank-3,0.0
Clojure,https://github.com/walkable-server/walkable,2018-11-29,rank-3,0.0
Clojure,https://github.com/walkable-server/walkable,2018-11-30,rank-3,0.0
Clojure,https://github.com/walkable-server/walkable,2018-12-01,rank-3,0.0
Clojure,https://github.com/walkable-server/walkable,2018-12-22,rank-3,0.0
Clojure,https://github.com/walkable-server/walkable,2018-12-27,rank-3,0.0
Clojure,https://github.com/walkable-server/walkable,2018-12-28,rank-3,0.0
Clojure,https://github.com/walkable-server/walkable,2018-12-29,rank-3,0.0
Clojure,https://github.com/walkable-server/walkable,2018-12-30,rank-3,0.0
Clojure,https://github.com/walkable-server/walkable,2019-01-01,rank-3,0.0
Clojure,https://github.com/walkable-server/walkable,2019-01-02,rank-3,0.0
Clojure,https://github.com/walkable-server/walkable,2019-01-03,rank-3,0.0
Clojure,https://github.com/walkable-server/walkable,2019-01-04,rank-3,0.0
Clojure,https://github.com/walkable-server/walkable,2019-01-05,rank-3,0.0
Clojure,https://github.com/walkable-server/walkable,2019-01-08,rank-3,0.0
Clojure,https://github.com/walkable-server/walkable,2019-01-09,rank-3,0.0
Clojure,https://github.com/walkable-server/walkable,2019-01-12,rank-3,0.0
Clojure,https://github.com/walkable-server/walkable,2019-01-13,rank-3,1.0
Clojure,https://github.com/walkable-server/walkable,2019-01-14,rank-3,1.0
Clojure,https://github.com/walkable-server/walkable,2019-01-15,rank-3,1.0
Clojure,https://github.com/walkable-server/walkable,2019-01-17,rank-3,1.0
Clojure,https://github.com/walkable-server/walkable,2019-01-18,rank-3,1.0
Clojure,https://github.com/walkable-server/walkable,2019-01-20,rank-3,1.0
Clojure,https://github.com/walkable-server/walkable,2019-01-21,rank-3,1.0
Clojure,https://github.com/walkable-server/walkable,2019-01-22,rank-3,1.0
Clojure,https://github.com/walkable-server/walkable,2019-01-23,rank-3,1.0
Clojure,https://github.com/walkable-server/walkable,2019-01-24,rank-3,1.0
Clojure,https://github.com/walkable-server/walkable,2019-01-26,rank-3,1.0
Clojure,https://github.com/walkable-server/walkable,2019-01-28,rank-3,1.0
Clojure,https://github.com/walkable-server/walkable,2019-01-30,rank-3,1.0
Clojure,https://github.com/walkable-server/walkable,2019-02-02,rank-3,1.0
Clojure,https://github.com/walkable-server/walkable,2019-02-03,rank-3,1.0
Clojure,https://github.com/walkable-server/walkable,2019-02-04,rank-3,1.0
Clojure,https://github.com/walkable-server/walkable,2019-02-09,rank-3,1.0
Clojure,https://github.com/walkable-server/walkable,2019-02-11,rank-3,1.0
Clojure,https://github.com/walkable-server/walkable,2019-02-12,rank-3,1.0
Clojure,https://github.com/walkable-server/walkable,2019-02-18,rank-3,1.0
Clojure,https://github.com/walkable-server/walkable,2019-02-19,rank-3,1.0
Clojure,https://github.com/walkable-server/walkable,2019-02-20,rank-3,1.0
Clojure,https://github.com/walkable-server/walkable,2019-02-21,rank-3,1.0
Clojure,https://github.com/walkable-server/walkable,2019-02-22,rank-3,1.0
Clojure,https://github.com/walkable-server/walkable,2019-02-23,rank-3,1.0
Clojure,https://github.com/walkable-server/walkable,2019-02-25,rank-3,1.0
Clojure,https://github.com/walkable-server/walkable,2019-02-26,rank-3,1.0
Clojure,https://github.com/walkable-server/walkable,2019-02-27,rank-3,1.0
Clojure,https://github.com/walkable-server/walkable,2019-03-05,rank-3,1.0
Clojure,https://github.com/walkable-server/walkable,2019-03-23,rank-3,1.0
Clojure,https://github.com/walkable-server/walkable,2019-04-18,rank-3,1.0
Clojure,https://github.com/walkable-server/walkable,2019-07-04,rank-3,1.0
Clojure,https://github.com/walkable-server/walkable,2019-07-06,rank-3,1.0
Clojure,https://github.com/walkable-server/walkable,2019-08-08,rank-3,1.0
Clojure,https://github.com/walkable-server/walkable,2019-08-09,rank-3,1.0
Clojure,https://github.com/walkable-server/walkable,2020-03-14,rank-3,1.0
Clojure,https://github.com/walkable-server/walkable,2020-03-23,rank-3,1.0
Clojure,https://github.com/walkable-server/walkable,2020-03-24,rank-3,1.0
Clojure,https://github.com/walkable-server/walkable,2020-03-29,rank-3,1.0
Clojure,https://github.com/walkable-server/walkable,2020-04-01,rank-3,1.0
Clojure,https://github.com/walkable-server/walkable,2020-04-04,rank-3,1.0
Clojure,https://github.com/walkable-server/walkable,2020-04-12,rank-3,1.0
Clojure,https://github.com/walkable-server/walkable,2020-04-19,rank-3,1.0
Clojure,https://github.com/walkable-server/walkable,2020-04-20,rank-3,1.0
Clojure,https://github.com/walkable-server/walkable,2020-04-21,rank-3,1.0
Clojure,https://github.com/walkable-server/walkable,2020-04-26,rank-3,1.0
Clojure,https://github.com/walkable-server/walkable,2020-05-02,rank-3,1.0
Clojure,https://github.com/walkable-server/walkable,2020-05-03,rank-3,1.0
Clojure,https://github.com/walkable-server/walkable,2020-05-04,rank-3,1.0
Clojure,https://github.com/walkable-server/walkable,2020-05-20,rank-3,1.0
Clojure,https://github.com/walkable-server/walkable,2020-05-21,rank-3,1.0
Clojure,https://github.com/walkable-server/walkable,2020-05-24,rank-3,1.0
Clojure,https://github.com/walkable-server/walkable,2020-05-25,rank-3,1.0
Clojure,https://github.com/walkable-server/walkable,2020-05-26,rank-3,1.0
Clojure,https://github.com/walkable-server/walkable,2020-07-19,rank-3,1.0
Clojure,https://github.com/walkable-server/walkable,2020-09-23,rank-3,1.0
Clojure,https://github.com/walkable-server/walkable,2021-01-08,rank-3,1.0
Clojure,https://github.com/walkable-server/walkable,2021-01-11,rank-3,1.0
Clojure,https://github.com/walkable-server/walkable,2021-01-12,rank-3,1.0
Clojure,https://github.com/walkable-server/walkable,2021-01-14,rank-3,1.0
Clojure,https://github.com/walkable-server/walkable,2021-01-15,rank-3,1.0
Clojure,https://github.com/walkable-server/walkable,2021-01-27,rank-3,1.0
Clojure,https://github.com/walkable-server/walkable,2021-02-05,rank-3,1.0
Clojure,https://github.com/walkable-server/walkable,2021-02-07,rank-3,1.0
Clojure,https://github.com/walkable-server/walkable,2021-02-08,rank-3,1.0
Clojure,https://github.com/walkable-server/walkable,2021-02-15,rank-3,1.0
Clojure,https://github.com/walkable-server/walkable,2021-02-17,rank-3,1.0
Clojure,https://github.com/walkable-server/walkable,2021-02-18,rank-3,1.0
Clojure,https://github.com/walkable-server/walkable,2021-02-19,rank-3,1.0
Clojure,https://github.com/walkable-server/walkable,2021-02-21,rank-3,1.0
Clojure,https://github.com/walkable-server/walkable,2021-02-24,rank-3,1.0
Clojure,https://github.com/walkable-server/walkable,2021-07-31,rank-3,1.0
Clojure,https://github.com/walkable-server/walkable,2021-08-01,rank-3,1.0
Clojure,https://github.com/walkable-server/walkable,2021-08-02,rank-3,1.0
Clojure,https://github.com/walkable-server/walkable,2021-12-16,rank-3,1.0
Clojure,https://github.com/walkable-server/walkable,2018-02-08,rank-4,0.0
Clojure,https://github.com/walkable-server/walkable,2018-02-13,rank-4,0.0
Clojure,https://github.com/walkable-server/walkable,2018-02-17,rank-4,0.0
Clojure,https://github.com/walkable-server/walkable,2018-02-20,rank-4,0.0
Clojure,https://github.com/walkable-server/walkable,2018-02-22,rank-4,0.0
Clojure,https://github.com/walkable-server/walkable,2018-02-23,rank-4,0.0
Clojure,https://github.com/walkable-server/walkable,2018-02-24,rank-4,0.0
Clojure,https://github.com/walkable-server/walkable,2018-02-25,rank-4,0.0
Clojure,https://github.com/walkable-server/walkable,2018-02-26,rank-4,0.0
Clojure,https://github.com/walkable-server/walkable,2018-02-27,rank-4,0.0
Clojure,https://github.com/walkable-server/walkable,2018-02-28,rank-4,0.0
Clojure,https://github.com/walkable-server/walkable,2018-03-03,rank-4,0.0
Clojure,https://github.com/walkable-server/walkable,2018-03-05,rank-4,0.0
Clojure,https://github.com/walkable-server/walkable,2018-03-06,rank-4,0.0
Clojure,https://github.com/walkable-server/walkable,2018-03-07,rank-4,0.0
Clojure,https://github.com/walkable-server/walkable,2018-03-08,rank-4,0.0
Clojure,https://github.com/walkable-server/walkable,2018-03-09,rank-4,0.0
Clojure,https://github.com/walkable-server/walkable,2018-03-11,rank-4,0.0
Clojure,https://github.com/walkable-server/walkable,2018-03-12,rank-4,0.0
Clojure,https://github.com/walkable-server/walkable,2018-03-13,rank-4,0.0
Clojure,https://github.com/walkable-server/walkable,2018-03-15,rank-4,0.0
Clojure,https://github.com/walkable-server/walkable,2018-03-18,rank-4,0.0
Clojure,https://github.com/walkable-server/walkable,2018-03-19,rank-4,0.0
Clojure,https://github.com/walkable-server/walkable,2018-03-20,rank-4,0.0
Clojure,https://github.com/walkable-server/walkable,2018-03-21,rank-4,0.0
Clojure,https://github.com/walkable-server/walkable,2018-03-22,rank-4,0.0
Clojure,https://github.com/walkable-server/walkable,2018-03-23,rank-4,0.0
Clojure,https://github.com/walkable-server/walkable,2018-03-24,rank-4,0.0
Clojure,https://github.com/walkable-server/walkable,2018-03-26,rank-4,0.0
Clojure,https://github.com/walkable-server/walkable,2018-03-27,rank-4,0.0
Clojure,https://github.com/walkable-server/walkable,2018-03-28,rank-4,0.0
Clojure,https://github.com/walkable-server/walkable,2018-03-29,rank-4,0.0
Clojure,https://github.com/walkable-server/walkable,2018-03-30,rank-4,0.0
Clojure,https://github.com/walkable-server/walkable,2018-03-31,rank-4,0.0
Clojure,https://github.com/walkable-server/walkable,2018-04-02,rank-4,0.0
Clojure,https://github.com/walkable-server/walkable,2018-04-03,rank-4,0.0
Clojure,https://github.com/walkable-server/walkable,2018-04-04,rank-4,0.0
Clojure,https://github.com/walkable-server/walkable,2018-04-05,rank-4,0.0
Clojure,https://github.com/walkable-server/walkable,2018-04-06,rank-4,0.0
Clojure,https://github.com/walkable-server/walkable,2018-04-08,rank-4,0.0
Clojure,https://github.com/walkable-server/walkable,2018-04-09,rank-4,0.0
Clojure,https://github.com/walkable-server/walkable,2018-04-10,rank-4,0.0
Clojure,https://github.com/walkable-server/walkable,2018-04-11,rank-4,0.0
Clojure,https://github.com/walkable-server/walkable,2018-04-13,rank-4,0.0
Clojure,https://github.com/walkable-server/walkable,2018-04-17,rank-4,0.0
Clojure,https://github.com/walkable-server/walkable,2018-04-18,rank-4,0.0
Clojure,https://github.com/walkable-server/walkable,2018-04-19,rank-4,0.0
Clojure,https://github.com/walkable-server/walkable,2018-04-20,rank-4,0.0
Clojure,https://github.com/walkable-server/walkable,2018-04-21,rank-4,0.0
Clojure,https://github.com/walkable-server/walkable,2018-04-22,rank-4,0.0
Clojure,https://github.com/walkable-server/walkable,2018-04-23,rank-4,0.0
Clojure,https://github.com/walkable-server/walkable,2018-04-24,rank-4,0.0
Clojure,https://github.com/walkable-server/walkable,2018-04-27,rank-4,0.0
Clojure,https://github.com/walkable-server/walkable,2018-05-03,rank-4,0.0
Clojure,https://github.com/walkable-server/walkable,2018-05-04,rank-4,0.0
Clojure,https://github.com/walkable-server/walkable,2018-05-16,rank-4,0.0
Clojure,https://github.com/walkable-server/walkable,2018-05-17,rank-4,0.0
Clojure,https://github.com/walkable-server/walkable,2018-05-27,rank-4,0.0
Clojure,https://github.com/walkable-server/walkable,2018-06-01,rank-4,0.0
Clojure,https://github.com/walkable-server/walkable,2018-06-05,rank-4,0.0
Clojure,https://github.com/walkable-server/walkable,2018-06-11,rank-4,0.0
Clojure,https://github.com/walkable-server/walkable,2018-06-12,rank-4,0.0
Clojure,https://github.com/walkable-server/walkable,2018-08-11,rank-4,0.0
Clojure,https://github.com/walkable-server/walkable,2018-08-12,rank-4,0.0
Clojure,https://github.com/walkable-server/walkable,2018-08-14,rank-4,0.0
Clojure,https://github.com/walkable-server/walkable,2018-08-15,rank-4,0.0
Clojure,https://github.com/walkable-server/walkable,2018-08-16,rank-4,0.0
Clojure,https://github.com/walkable-server/walkable,2018-10-13,rank-4,0.0
Clojure,https://github.com/walkable-server/walkable,2018-11-03,rank-4,0.0
Clojure,https://github.com/walkable-server/walkable,2018-11-04,rank-4,0.0
Clojure,https://github.com/walkable-server/walkable,2018-11-10,rank-4,0.0
Clojure,https://github.com/walkable-server/walkable,2018-11-12,rank-4,0.0
Clojure,https://github.com/walkable-server/walkable,2018-11-17,rank-4,0.0
Clojure,https://github.com/walkable-server/walkable,2018-11-19,rank-4,0.0
Clojure,https://github.com/walkable-server/walkable,2018-11-20,rank-4,0.0
Clojure,https://github.com/walkable-server/walkable,2018-11-21,rank-4,0.0
Clojure,https://github.com/walkable-server/walkable,2018-11-22,rank-4,0.0
Clojure,https://github.com/walkable-server/walkable,2018-11-24,rank-4,0.0
Clojure,https://github.com/walkable-server/walkable,2018-11-25,rank-4,1.0
Clojure,https://github.com/walkable-server/walkable,2018-11-28,rank-4,1.0
Clojure,https://github.com/walkable-server/walkable,2018-11-29,rank-4,1.0
Clojure,https://github.com/walkable-server/walkable,2018-11-30,rank-4,1.0
Clojure,https://github.com/walkable-server/walkable,2018-12-01,rank-4,1.0
Clojure,https://github.com/walkable-server/walkable,2018-12-22,rank-4,1.0
Clojure,https://github.com/walkable-server/walkable,2018-12-27,rank-4,1.0
Clojure,https://github.com/walkable-server/walkable,2018-12-28,rank-4,1.0
Clojure,https://github.com/walkable-server/walkable,2018-12-29,rank-4,1.0
Clojure,https://github.com/walkable-server/walkable,2018-12-30,rank-4,1.0
Clojure,https://github.com/walkable-server/walkable,2019-01-01,rank-4,1.0
Clojure,https://github.com/walkable-server/walkable,2019-01-02,rank-4,1.0
Clojure,https://github.com/walkable-server/walkable,2019-01-03,rank-4,1.0
Clojure,https://github.com/walkable-server/walkable,2019-01-04,rank-4,1.0
Clojure,https://github.com/walkable-server/walkable,2019-01-05,rank-4,1.0
Clojure,https://github.com/walkable-server/walkable,2019-01-08,rank-4,1.0
Clojure,https://github.com/walkable-server/walkable,2019-01-09,rank-4,1.0
Clojure,https://github.com/walkable-server/walkable,2019-01-12,rank-4,1.0
Clojure,https://github.com/walkable-server/walkable,2019-01-13,rank-4,1.0
Clojure,https://github.com/walkable-server/walkable,2019-01-14,rank-4,1.0
Clojure,https://github.com/walkable-server/walkable,2019-01-15,rank-4,1.0
Clojure,https://github.com/walkable-server/walkable,2019-01-17,rank-4,1.0
Clojure,https://github.com/walkable-server/walkable,2019-01-18,rank-4,1.0
Clojure,https://github.com/walkable-server/walkable,2019-01-20,rank-4,1.0
Clojure,https://github.com/walkable-server/walkable,2019-01-21,rank-4,1.0
Clojure,https://github.com/walkable-server/walkable,2019-01-22,rank-4,1.0
Clojure,https://github.com/walkable-server/walkable,2019-01-23,rank-4,1.0
Clojure,https://github.com/walkable-server/walkable,2019-01-24,rank-4,1.0
Clojure,https://github.com/walkable-server/walkable,2019-01-26,rank-4,1.0
Clojure,https://github.com/walkable-server/walkable,2019-01-28,rank-4,1.0
Clojure,https://github.com/walkable-server/walkable,2019-01-30,rank-4,1.0
Clojure,https://github.com/walkable-server/walkable,2019-02-02,rank-4,1.0
Clojure,https://github.com/walkable-server/walkable,2019-02-03,rank-4,1.0
Clojure,https://github.com/walkable-server/walkable,2019-02-04,rank-4,1.0
Clojure,https://github.com/walkable-server/walkable,2019-02-09,rank-4,1.0
Clojure,https://github.com/walkable-server/walkable,2019-02-11,rank-4,1.0
Clojure,https://github.com/walkable-server/walkable,2019-02-12,rank-4,1.0
Clojure,https://github.com/walkable-server/walkable,2019-02-18,rank-4,1.0
Clojure,https://github.com/walkable-server/walkable,2019-02-19,rank-4,1.0
Clojure,https://github.com/walkable-server/walkable,2019-02-20,rank-4,1.0
Clojure,https://github.com/walkable-server/walkable,2019-02-21,rank-4,1.0
Clojure,https://github.com/walkable-server/walkable,2019-02-22,rank-4,1.0
Clojure,https://github.com/walkable-server/walkable,2019-02-23,rank-4,1.0
Clojure,https://github.com/walkable-server/walkable,2019-02-25,rank-4,1.0
Clojure,https://github.com/walkable-server/walkable,2019-02-26,rank-4,1.0
Clojure,https://github.com/walkable-server/walkable,2019-02-27,rank-4,1.0
Clojure,https://github.com/walkable-server/walkable,2019-03-05,rank-4,1.0
Clojure,https://github.com/walkable-server/walkable,2019-03-23,rank-4,1.0
Clojure,https://github.com/walkable-server/walkable,2019-04-18,rank-4,1.0
Clojure,https://github.com/walkable-server/walkable,2019-07-04,rank-4,1.0
Clojure,https://github.com/walkable-server/walkable,2019-07-06,rank-4,1.0
Clojure,https://github.com/walkable-server/walkable,2019-08-08,rank-4,1.0
Clojure,https://github.com/walkable-server/walkable,2019-08-09,rank-4,1.0
Clojure,https://github.com/walkable-server/walkable,2020-03-14,rank-4,1.0
Clojure,https://github.com/walkable-server/walkable,2020-03-23,rank-4,1.0
Clojure,https://github.com/walkable-server/walkable,2020-03-24,rank-4,1.0
Clojure,https://github.com/walkable-server/walkable,2020-03-29,rank-4,1.0
Clojure,https://github.com/walkable-server/walkable,2020-04-01,rank-4,1.0
Clojure,https://github.com/walkable-server/walkable,2020-04-04,rank-4,1.0
Clojure,https://github.com/walkable-server/walkable,2020-04-12,rank-4,1.0
Clojure,https://github.com/walkable-server/walkable,2020-04-19,rank-4,1.0
Clojure,https://github.com/walkable-server/walkable,2020-04-20,rank-4,1.0
Clojure,https://github.com/walkable-server/walkable,2020-04-21,rank-4,1.0
Clojure,https://github.com/walkable-server/walkable,2020-04-26,rank-4,1.0
Clojure,https://github.com/walkable-server/walkable,2020-05-02,rank-4,1.0
Clojure,https://github.com/walkable-server/walkable,2020-05-03,rank-4,1.0
Clojure,https://github.com/walkable-server/walkable,2020-05-04,rank-4,1.0
Clojure,https://github.com/walkable-server/walkable,2020-05-20,rank-4,1.0
Clojure,https://github.com/walkable-server/walkable,2020-05-21,rank-4,1.0
Clojure,https://github.com/walkable-server/walkable,2020-05-24,rank-4,1.0
Clojure,https://github.com/walkable-server/walkable,2020-05-25,rank-4,1.0
Clojure,https://github.com/walkable-server/walkable,2020-05-26,rank-4,1.0
Clojure,https://github.com/walkable-server/walkable,2020-07-19,rank-4,1.0
Clojure,https://github.com/walkable-server/walkable,2020-09-23,rank-4,1.0
Clojure,https://github.com/walkable-server/walkable,2021-01-08,rank-4,1.0
Clojure,https://github.com/walkable-server/walkable,2021-01-11,rank-4,1.0
Clojure,https://github.com/walkable-server/walkable,2021-01-12,rank-4,1.0
Clojure,https://github.com/walkable-server/walkable,2021-01-14,rank-4,1.0
Clojure,https://github.com/walkable-server/walkable,2021-01-15,rank-4,1.0
Clojure,https://github.com/walkable-server/walkable,2021-01-27,rank-4,1.0
Clojure,https://github.com/walkable-server/walkable,2021-02-05,rank-4,1.0
Clojure,https://github.com/walkable-server/walkable,2021-02-07,rank-4,1.0
Clojure,https://github.com/walkable-server/walkable,2021-02-08,rank-4,1.0
Clojure,https://github.com/walkable-server/walkable,2021-02-15,rank-4,1.0
Clojure,https://github.com/walkable-server/walkable,2021-02-17,rank-4,1.0
Clojure,https://github.com/walkable-server/walkable,2021-02-18,rank-4,1.0
Clojure,https://github.com/walkable-server/walkable,2021-02-19,rank-4,1.0
Clojure,https://github.com/walkable-server/walkable,2021-02-21,rank-4,1.0
Clojure,https://github.com/walkable-server/walkable,2021-02-24,rank-4,1.0
Clojure,https://github.com/walkable-server/walkable,2021-07-31,rank-4,1.0
Clojure,https://github.com/walkable-server/walkable,2021-08-01,rank-4,1.0
Clojure,https://github.com/walkable-server/walkable,2021-08-02,rank-4,1.0
Clojure,https://github.com/walkable-server/walkable,2021-12-16,rank-4,1.0
Clojure,https://github.com/walkable-server/walkable,2018-02-08,rank-other,0.0
Clojure,https://github.com/walkable-server/walkable,2018-02-13,rank-other,0.0
Clojure,https://github.com/walkable-server/walkable,2018-02-17,rank-other,0.0
Clojure,https://github.com/walkable-server/walkable,2018-02-20,rank-other,0.0
Clojure,https://github.com/walkable-server/walkable,2018-02-22,rank-other,0.0
Clojure,https://github.com/walkable-server/walkable,2018-02-23,rank-other,0.0
Clojure,https://github.com/walkable-server/walkable,2018-02-24,rank-other,0.0
Clojure,https://github.com/walkable-server/walkable,2018-02-25,rank-other,0.0
Clojure,https://github.com/walkable-server/walkable,2018-02-26,rank-other,0.0
Clojure,https://github.com/walkable-server/walkable,2018-02-27,rank-other,0.0
Clojure,https://github.com/walkable-server/walkable,2018-02-28,rank-other,0.0
Clojure,https://github.com/walkable-server/walkable,2018-03-03,rank-other,0.0
Clojure,https://github.com/walkable-server/walkable,2018-03-05,rank-other,0.0
Clojure,https://github.com/walkable-server/walkable,2018-03-06,rank-other,0.0
Clojure,https://github.com/walkable-server/walkable,2018-03-07,rank-other,0.0
Clojure,https://github.com/walkable-server/walkable,2018-03-08,rank-other,0.0
Clojure,https://github.com/walkable-server/walkable,2018-03-09,rank-other,0.0
Clojure,https://github.com/walkable-server/walkable,2018-03-11,rank-other,0.0
Clojure,https://github.com/walkable-server/walkable,2018-03-12,rank-other,0.0
Clojure,https://github.com/walkable-server/walkable,2018-03-13,rank-other,0.0
Clojure,https://github.com/walkable-server/walkable,2018-03-15,rank-other,0.0
Clojure,https://github.com/walkable-server/walkable,2018-03-18,rank-other,0.0
Clojure,https://github.com/walkable-server/walkable,2018-03-19,rank-other,0.0
Clojure,https://github.com/walkable-server/walkable,2018-03-20,rank-other,0.0
Clojure,https://github.com/walkable-server/walkable,2018-03-21,rank-other,0.0
Clojure,https://github.com/walkable-server/walkable,2018-03-22,rank-other,0.0
Clojure,https://github.com/walkable-server/walkable,2018-03-23,rank-other,0.0
Clojure,https://github.com/walkable-server/walkable,2018-03-24,rank-other,0.0
Clojure,https://github.com/walkable-server/walkable,2018-03-26,rank-other,0.0
Clojure,https://github.com/walkable-server/walkable,2018-03-27,rank-other,0.0
Clojure,https://github.com/walkable-server/walkable,2018-03-28,rank-other,0.0
Clojure,https://github.com/walkable-server/walkable,2018-03-29,rank-other,0.0
Clojure,https://github.com/walkable-server/walkable,2018-03-30,rank-other,0.0
Clojure,https://github.com/walkable-server/walkable,2018-03-31,rank-other,0.0
Clojure,https://github.com/walkable-server/walkable,2018-04-02,rank-other,0.0
Clojure,https://github.com/walkable-server/walkable,2018-04-03,rank-other,0.0
Clojure,https://github.com/walkable-server/walkable,2018-04-04,rank-other,0.0
Clojure,https://github.com/walkable-server/walkable,2018-04-05,rank-other,0.0
Clojure,https://github.com/walkable-server/walkable,2018-04-06,rank-other,0.0
Clojure,https://github.com/walkable-server/walkable,2018-04-08,rank-other,0.0
Clojure,https://github.com/walkable-server/walkable,2018-04-09,rank-other,0.0
Clojure,https://github.com/walkable-server/walkable,2018-04-10,rank-other,0.0
Clojure,https://github.com/walkable-server/walkable,2018-04-11,rank-other,0.0
Clojure,https://github.com/walkable-server/walkable,2018-04-13,rank-other,0.0
Clojure,https://github.com/walkable-server/walkable,2018-04-17,rank-other,0.0
Clojure,https://github.com/walkable-server/walkable,2018-04-18,rank-other,0.0
Clojure,https://github.com/walkable-server/walkable,2018-04-19,rank-other,0.0
Clojure,https://github.com/walkable-server/walkable,2018-04-20,rank-other,0.0
Clojure,https://github.com/walkable-server/walkable,2018-04-21,rank-other,0.0
Clojure,https://github.com/walkable-server/walkable,2018-04-22,rank-other,0.0
Clojure,https://github.com/walkable-server/walkable,2018-04-23,rank-other,0.0
Clojure,https://github.com/walkable-server/walkable,2018-04-24,rank-other,1.0
Clojure,https://github.com/walkable-server/walkable,2018-04-27,rank-other,1.0
Clojure,https://github.com/walkable-server/walkable,2018-05-03,rank-other,1.0
Clojure,https://github.com/walkable-server/walkable,2018-05-04,rank-other,1.0
Clojure,https://github.com/walkable-server/walkable,2018-05-16,rank-other,1.0
Clojure,https://github.com/walkable-server/walkable,2018-05-17,rank-other,1.0
Clojure,https://github.com/walkable-server/walkable,2018-05-27,rank-other,1.0
Clojure,https://github.com/walkable-server/walkable,2018-06-01,rank-other,1.0
Clojure,https://github.com/walkable-server/walkable,2018-06-05,rank-other,1.0
Clojure,https://github.com/walkable-server/walkable,2018-06-11,rank-other,1.0
Clojure,https://github.com/walkable-server/walkable,2018-06-12,rank-other,1.0
Clojure,https://github.com/walkable-server/walkable,2018-08-11,rank-other,1.0
Clojure,https://github.com/walkable-server/walkable,2018-08-12,rank-other,1.0
Clojure,https://github.com/walkable-server/walkable,2018-08-14,rank-other,1.0
Clojure,https://github.com/walkable-server/walkable,2018-08-15,rank-other,1.0
Clojure,https://github.com/walkable-server/walkable,2018-08-16,rank-other,1.0
Clojure,https://github.com/walkable-server/walkable,2018-10-13,rank-other,1.0
Clojure,https://github.com/walkable-server/walkable,2018-11-03,rank-other,1.0
Clojure,https://github.com/walkable-server/walkable,2018-11-04,rank-other,1.0
Clojure,https://github.com/walkable-server/walkable,2018-11-10,rank-other,1.0
Clojure,https://github.com/walkable-server/walkable,2018-11-12,rank-other,1.0
Clojure,https://github.com/walkable-server/walkable,2018-11-17,rank-other,1.0
Clojure,https://github.com/walkable-server/walkable,2018-11-19,rank-other,1.0
Clojure,https://github.com/walkable-server/walkable,2018-11-20,rank-other,1.0
Clojure,https://github.com/walkable-server/walkable,2018-11-21,rank-other,1.0
Clojure,https://github.com/walkable-server/walkable,2018-11-22,rank-other,1.0
Clojure,https://github.com/walkable-server/walkable,2018-11-24,rank-other,1.0
Clojure,https://github.com/walkable-server/walkable,2018-11-25,rank-other,1.0
Clojure,https://github.com/walkable-server/walkable,2018-11-28,rank-other,1.0
Clojure,https://github.com/walkable-server/walkable,2018-11-29,rank-other,1.0
Clojure,https://github.com/walkable-server/walkable,2018-11-30,rank-other,1.0
Clojure,https://github.com/walkable-server/walkable,2018-12-01,rank-other,1.0
Clojure,https://github.com/walkable-server/walkable,2018-12-22,rank-other,1.0
Clojure,https://github.com/walkable-server/walkable,2018-12-27,rank-other,1.0
Clojure,https://github.com/walkable-server/walkable,2018-12-28,rank-other,1.0
Clojure,https://github.com/walkable-server/walkable,2018-12-29,rank-other,1.0
Clojure,https://github.com/walkable-server/walkable,2018-12-30,rank-other,1.0
Clojure,https://github.com/walkable-server/walkable,2019-01-01,rank-other,1.0
Clojure,https://github.com/walkable-server/walkable,2019-01-02,rank-other,1.0
Clojure,https://github.com/walkable-server/walkable,2019-01-03,rank-other,1.0
Clojure,https://github.com/walkable-server/walkable,2019-01-04,rank-other,1.0
Clojure,https://github.com/walkable-server/walkable,2019-01-05,rank-other,1.0
Clojure,https://github.com/walkable-server/walkable,2019-01-08,rank-other,1.0
Clojure,https://github.com/walkable-server/walkable,2019-01-09,rank-other,1.0
Clojure,https://github.com/walkable-server/walkable,2019-01-12,rank-other,1.0
Clojure,https://github.com/walkable-server/walkable,2019-01-13,rank-other,1.0
Clojure,https://github.com/walkable-server/walkable,2019-01-14,rank-other,1.0
Clojure,https://github.com/walkable-server/walkable,2019-01-15,rank-other,1.0
Clojure,https://github.com/walkable-server/walkable,2019-01-17,rank-other,1.0
Clojure,https://github.com/walkable-server/walkable,2019-01-18,rank-other,1.0
Clojure,https://github.com/walkable-server/walkable,2019-01-20,rank-other,1.0
Clojure,https://github.com/walkable-server/walkable,2019-01-21,rank-other,1.0
Clojure,https://github.com/walkable-server/walkable,2019-01-22,rank-other,1.0
Clojure,https://github.com/walkable-server/walkable,2019-01-23,rank-other,1.0
Clojure,https://github.com/walkable-server/walkable,2019-01-24,rank-other,1.0
Clojure,https://github.com/walkable-server/walkable,2019-01-26,rank-other,1.0
Clojure,https://github.com/walkable-server/walkable,2019-01-28,rank-other,1.0
Clojure,https://github.com/walkable-server/walkable,2019-01-30,rank-other,1.0
Clojure,https://github.com/walkable-server/walkable,2019-02-02,rank-other,1.0
Clojure,https://github.com/walkable-server/walkable,2019-02-03,rank-other,1.0
Clojure,https://github.com/walkable-server/walkable,2019-02-04,rank-other,1.0
Clojure,https://github.com/walkable-server/walkable,2019-02-09,rank-other,1.0
Clojure,https://github.com/walkable-server/walkable,2019-02-11,rank-other,1.0
Clojure,https://github.com/walkable-server/walkable,2019-02-12,rank-other,1.0
Clojure,https://github.com/walkable-server/walkable,2019-02-18,rank-other,1.0
Clojure,https://github.com/walkable-server/walkable,2019-02-19,rank-other,1.0
Clojure,https://github.com/walkable-server/walkable,2019-02-20,rank-other,1.0
Clojure,https://github.com/walkable-server/walkable,2019-02-21,rank-other,1.0
Clojure,https://github.com/walkable-server/walkable,2019-02-22,rank-other,1.0
Clojure,https://github.com/walkable-server/walkable,2019-02-23,rank-other,1.0
Clojure,https://github.com/walkable-server/walkable,2019-02-25,rank-other,1.0
Clojure,https://github.com/walkable-server/walkable,2019-02-26,rank-other,1.0
Clojure,https://github.com/walkable-server/walkable,2019-02-27,rank-other,1.0
Clojure,https://github.com/walkable-server/walkable,2019-03-05,rank-other,1.0
Clojure,https://github.com/walkable-server/walkable,2019-03-23,rank-other,1.0
Clojure,https://github.com/walkable-server/walkable,2019-04-18,rank-other,1.0
Clojure,https://github.com/walkable-server/walkable,2019-07-04,rank-other,1.0
Clojure,https://github.com/walkable-server/walkable,2019-07-06,rank-other,1.0
Clojure,https://github.com/walkable-server/walkable,2019-08-08,rank-other,1.0
Clojure,https://github.com/walkable-server/walkable,2019-08-09,rank-other,1.0
Clojure,https://github.com/walkable-server/walkable,2020-03-14,rank-other,1.0
Clojure,https://github.com/walkable-server/walkable,2020-03-23,rank-other,1.0
Clojure,https://github.com/walkable-server/walkable,2020-03-24,rank-other,1.0
Clojure,https://github.com/walkable-server/walkable,2020-03-29,rank-other,1.0
Clojure,https://github.com/walkable-server/walkable,2020-04-01,rank-other,1.0
Clojure,https://github.com/walkable-server/walkable,2020-04-04,rank-other,1.0
Clojure,https://github.com/walkable-server/walkable,2020-04-12,rank-other,1.0
Clojure,https://github.com/walkable-server/walkable,2020-04-19,rank-other,1.0
Clojure,https://github.com/walkable-server/walkable,2020-04-20,rank-other,1.0
Clojure,https://github.com/walkable-server/walkable,2020-04-21,rank-other,1.0
Clojure,https://github.com/walkable-server/walkable,2020-04-26,rank-other,1.0
Clojure,https://github.com/walkable-server/walkable,2020-05-02,rank-other,1.0
Clojure,https://github.com/walkable-server/walkable,2020-05-03,rank-other,1.0
Clojure,https://github.com/walkable-server/walkable,2020-05-04,rank-other,1.0
Clojure,https://github.com/walkable-server/walkable,2020-05-20,rank-other,1.0
Clojure,https://github.com/walkable-server/walkable,2020-05-21,rank-other,1.0
Clojure,https://github.com/walkable-server/walkable,2020-05-24,rank-other,1.0
Clojure,https://github.com/walkable-server/walkable,2020-05-25,rank-other,1.0
Clojure,https://github.com/walkable-server/walkable,2020-05-26,rank-other,1.0
Clojure,https://github.com/walkable-server/walkable,2020-07-19,rank-other,1.0
Clojure,https://github.com/walkable-server/walkable,2020-09-23,rank-other,1.0
Clojure,https://github.com/walkable-server/walkable,2021-01-08,rank-other,1.0
Clojure,https://github.com/walkable-server/walkable,2021-01-11,rank-other,1.0
Clojure,https://github.com/walkable-server/walkable,2021-01-12,rank-other,1.0
Clojure,https://github.com/walkable-server/walkable,2021-01-14,rank-other,1.0
Clojure,https://github.com/walkable-server/walkable,2021-01-15,rank-other,1.0
Clojure,https://github.com/walkable-server/walkable,2021-01-27,rank-other,1.0
Clojure,https://github.com/walkable-server/walkable,2021-02-05,rank-other,1.0
Clojure,https://github.com/walkable-server/walkable,2021-02-07,rank-other,1.0
Clojure,https://github.com/walkable-server/walkable,2021-02-08,rank-other,1.0
Clojure,https://github.com/walkable-server/walkable,2021-02-15,rank-other,1.0
Clojure,https://github.com/walkable-server/walkable,2021-02-17,rank-other,1.0
Clojure,https://github.com/walkable-server/walkable,2021-02-18,rank-other,1.0
Clojure,https://github.com/walkable-server/walkable,2021-02-19,rank-other,1.0
Clojure,https://github.com/walkable-server/walkable,2021-02-21,rank-other,1.0
Clojure,https://github.com/walkable-server/walkable,2021-02-24,rank-other,1.0
Clojure,https://github.com/walkable-server/walkable,2021-07-31,rank-other,1.0
Clojure,https://github.com/walkable-server/walkable,2021-08-01,rank-other,1.0
Clojure,https://github.com/walkable-server/walkable,2021-08-02,rank-other,1.0
Clojure,https://github.com/walkable-server/walkable,2021-12-16,rank-other,1.0
